{
  "nose2l_eye": 3.5201467156924013,
  "nose2r_eye": 3.5201467156924013,
  "l_eye2r_eye": 4.017,
  "l_eye2l_ear_base": 5.642566797123451,
  "r_eye2r_ear_base": 5.642566797123451
}
