{
  "nose2throat": 6.589018916348624,
  "throat2withers": 12.37470986528573,
  "throat2l_f_elbow": 23.563312159584015,
  "throat2r_f_elbow": 23.563312159584015,
  "l_f_elbow2l_f_knee": 3.4165046465649676,
  "r_f_elbow2r_f_knee": 3.4165046465649676,
  "l_f_knee2l_f_paw": 5.005477503695327,
  "r_f_knee2r_f_paw": 5.005477503695327,
  "withers2tail_base": 18.855643656210734,
  "tail_base2l_b_elbow": 19.29826817851799,
  "tail_base2r_b_elbow": 19.29826817851799,
  "l_b_elbow2l_b_knee": 6.355659685665995,
  "r_b_elbow2r_b_knee": 6.355659685665995,
  "l_b_knee2l_b_paw": 5.644807348351229,
  "r_b_knee2r_b_paw": 5.644807348351229
}
