{
  "nose2l_eye_distance": 3.5201467156924013,
  "nose2r_eye_distance": 3.5201467156924013,
  "l_eye2r_eye_distance": 4.017,
  "l_eye2l_ear_base_distance": 5.642566797123451,
  "r_eye2r_ear_base_distance": 5.642566797123451,
  "nose2throat_distance": 6.589018916348624,
  "throat2withers_distance": 12.37470986528573,
  "throat2l_f_elbow_distance": 23.563312159584015,
  "throat2r_f_elbow_distance": 23.563312159584015,
  "l_f_elbow2l_f_knee_distance": 3.4165046465649676,
  "r_f_elbow2r_f_knee_distance": 3.4165046465649676,
  "l_f_knee2l_f_paw_distance": 5.005477503695327,
  "r_f_knee2r_f_paw_distance": 5.005477503695327,
  "withers2tail_base_distance": 18.855643656210734,
  "tail_base2l_b_elbow_distance": 19.29826817851799,
  "tail_base2r_b_elbow_distance": 19.29826817851799,
  "l_b_elbow2l_b_knee_distance": 6.355659685665995,
  "r_b_elbow2r_b_knee_distance": 6.355659685665995,
  "l_b_knee2l_b_paw_distance": 5.644807348351229,
  "r_b_knee2r_b_paw_distance": 5.644807348351229
}
